INSERT INTO address (address_code,state_name,city_name)
VALUES ('11','서울특별시',null),
('11010','서울특별시','종로구'),
('11020','서울특별시','중구'),
('11030','서울특별시','용산구'),
('11040','서울특별시','성동구'),
('11050','서울특별시','광진구'),
('11060','서울특별시','동대문구'),
('11070','서울특별시','중랑구'),
('11080','서울특별시','성북구'),
('11090','서울특별시','강북구'),
('11100','서울특별시','도봉구'),
('11110','서울특별시','노원구'),
('11120','서울특별시','은평구'),
('11130','서울특별시','서대문구'),
('11140','서울특별시','마포구'),
('11150','서울특별시','양천구'),
('11160','서울특별시','강서구'),
('11170','서울특별시','구로구'),
('11180','서울특별시','금천구'),
('11190','서울특별시','영등포구'),
('11200','서울특별시','동작구'),
('11210','서울특별시','관악구'),
('11220','서울특별시','서초구'),
('11230','서울특별시','강남구'),
('11240','서울특별시','송파구'),
('11250','서울특별시','강동구'),
('21','부산광역시',null),
('21010','부산광역시','중구'),
('21020','부산광역시','서구'),
('21030','부산광역시','동구'),
('21040','부산광역시','영도구'),
('21050','부산광역시','부산진구'),
('21060','부산광역시','동래구'),
('21070','부산광역시','남구'),
('21080','부산광역시','북구'),
('21090','부산광역시','해운대구'),
('21100','부산광역시','사하구'),
('21110','부산광역시','금정구'),
('21120','부산광역시','강서구'),
('21130','부산광역시','연제구'),
('21140','부산광역시','수영구'),
('21150','부산광역시','사상구'),
('21310','부산광역시','기장군'),
('22','대구광역시',null),
('22010','대구광역시','중구'),
('22020','대구광역시','동구'),
('22030','대구광역시','서구'),
('22040','대구광역시','남구'),
('22050','대구광역시','북구'),
('22060','대구광역시','수성구'),
('22070','대구광역시','달서구'),
('22310','대구광역시','달성군'),
('23','인천광역시',null),
('23010','인천광역시','중구'),
('23020','인천광역시','동구'),
('23040','인천광역시','연수구'),
('23050','인천광역시','남동구'),
('23060','인천광역시','부평구'),
('23070','인천광역시','계양구'),
('23080','인천광역시','서구'),
('23090','인천광역시','미추홀구'),
('23310','인천광역시','강화군'),
('23320','인천광역시','옹진군'),
('24','광주광역시',null),
('24010','광주광역시','동구'),
('24020','광주광역시','서구'),
('24030','광주광역시','남구'),
('24040','광주광역시','북구'),
('24050','광주광역시','광산구'),
('25','대전광역시',null),
('25010','대전광역시','동구'),
('25020','대전광역시','중구'),
('25030','대전광역시','서구'),
('25040','대전광역시','유성구'),
('25050','대전광역시','대덕구'),
('26','울산광역시','중구'),
('26010','울산광역시','중구'),
('26020','울산광역시','남구'),
('26030','울산광역시','동구'),
('26040','울산광역시','북구'),
('26310','울산광역시','울주군'),
('29','세종특별자치시',null),
('29010','세종특별자치시','세종시'),
('31','경기도',null),
('31010','경기도','수원시'),
('31011','경기도','수원시 장안구'),
('31012','경기도','수원시 권선구'),
('31013','경기도','수원시 팔달구'),
('31014','경기도','수원시 영통구'),
('31020','경기도','성남시'),
('31021','경기도','성남시 수정구'),
('31022','경기도','성남시 중원구'),
('31023','경기도','성남시 분당구'),
('31030','경기도','의정부시'),
('31040','경기도','안양시'),
('31041','경기도','안양시 만안구'),
('31042','경기도','안양시 동안구'),
('31050','경기도','부천시'),
('31060','경기도','광명시'),
('31070','경기도','평택시'),
('31080','경기도','동두천시'),
('31090','경기도','안산시'),
('31091','경기도','안산시 상록구'),
('31092','경기도','안산시 단원구'),
('31100','경기도','고양시'),
('31101','경기도','고양시 덕양구'),
('31103','경기도','고양시 일산동구'),
('31104','경기도','고양시 일산서구'),
('31110','경기도','과천시'),
('31120','경기도','구리시'),
('31130','경기도','남양주시'),
('31140','경기도','오산시'),
('31150','경기도','시흥시'),
('31160','경기도','군포시'),
('31170','경기도','의왕시'),
('31180','경기도','하남시'),
('31190','경기도','용인시'),
('31191','경기도','용인시 처인구'),
('31192','경기도','용인시 기흥구'),
('31193','경기도','용인시 수지구'),
('31200','경기도','파주시'),
('31210','경기도','이천시'),
('31220','경기도','안성시'),
('31230','경기도','김포시'),
('31240','경기도','화성시'),
('31250','경기도','광주시'),
('31260','경기도','양주시'),
('31270','경기도','포천시'),
('31280','경기도','여주시'),
('31350','경기도','연천군'),
('31370','경기도','가평군'),
('31380','경기도','양평군'),
('32','강원도',null),
('32010','강원도','춘천시'),
('32020','강원도','원주시'),
('32030','강원도','강릉시'),
('32040','강원도','동해시'),
('32050','강원도','태백시'),
('32060','강원도','속초시'),
('32070','강원도','삼척시'),
('32310','강원도','홍천군'),
('32320','강원도','횡성군'),
('32330','강원도','영월군'),
('32340','강원도','평창군'),
('32350','강원도','정선군'),
('32360','강원도','철원군'),
('32370','강원도','화천군'),
('32380','강원도','양구군'),
('32390','강원도','인제군'),
('32400','강원도','고성군'),
('32410','강원도','양양군'),
('33','충청북도',null),
('33020','충청북도','충주시'),
('33030','충청북도','제천시'),
('33040','충청북도','청주시'),
('33041','충청북도','청주시 상당구'),
('33042','충청북도','청주시 서원구'),
('33043','충청북도','청주시 흥덕구'),
('33044','충청북도','청주시 청원구'),
('33320','충청북도','보은군'),
('33330','충청북도','옥천군'),
('33340','충청북도','영동군'),
('33350','충청북도','진천군'),
('33360','충청북도','괴산군'),
('33370','충청북도','음성군'),
('33380','충청북도','단양군'),
('33390','충청북도','증평군'),
('34','충청남도',null),
('34010','충청남도','천안시'),
('34011','충청남도','천안시 동남구'),
('34012','충청남도','천안시 서북구'),
('34020','충청남도','공주시'),
('34030','충청남도','보령시'),
('34040','충청남도','아산시'),
('34050','충청남도','서산시'),
('34060','충청남도','논산시'),
('34070','충청남도','계룡시'),
('34080','충청남도','당진시'),
('34310','충청남도','금산군'),
('34330','충청남도','부여군'),
('34340','충청남도','서천군'),
('34350','충청남도','청양군'),
('34360','충청남도','홍성군'),
('34370','충청남도','예산군'),
('34380','충청남도','태안군'),
('35','전라북도',null),
('35010','전라북도','전주시'),
('35011','전라북도','전주시 완산구'),
('35012','전라북도','전주시 덕진구'),
('35020','전라북도','군산시'),
('35030','전라북도','익산시'),
('35040','전라북도','정읍시'),
('35050','전라북도','남원시'),
('35060','전라북도','김제시'),
('35310','전라북도','완주군'),
('35320','전라북도','진안군'),
('35330','전라북도','무주군'),
('35340','전라북도','장수군'),
('35350','전라북도','임실군'),
('35360','전라북도','순창군'),
('35370','전라북도','고창군'),
('35380','전라북도','부안군'),
('36','전라남도',null),
('36010','전라남도','목포시'),
('36020','전라남도','여수시'),
('36030','전라남도','순천시'),
('36040','전라남도','나주시'),
('36060','전라남도','광양시'),
('36310','전라남도','담양군'),
('36320','전라남도','곡성군'),
('36330','전라남도','구례군'),
('36350','전라남도','고흥군'),
('36360','전라남도','보성군'),
('36370','전라남도','화순군'),
('36380','전라남도','장흥군'),
('36390','전라남도','강진군'),
('36400','전라남도','해남군'),
('36410','전라남도','영암군'),
('36420','전라남도','무안군'),
('36430','전라남도','함평군'),
('36440','전라남도','영광군'),
('36450','전라남도','장성군'),
('36460','전라남도','완도군'),
('36470','전라남도','진도군'),
('36480','전라남도','신안군'),
('37','경상북도',null),
('37010','경상북도','포항시'),
('37011','경상북도','포항시 남구'),
('37012','경상북도','포항시 북구'),
('37020','경상북도','경주시'),
('37030','경상북도','김천시'),
('37040','경상북도','안동시'),
('37050','경상북도','구미시'),
('37060','경상북도','영주시'),
('37070','경상북도','영천시'),
('37080','경상북도','상주시'),
('37090','경상북도','문경시'),
('37100','경상북도','경산시'),
('37310','경상북도','군위군'),
('37320','경상북도','의성군'),
('37330','경상북도','청송군'),
('37340','경상북도','영양군'),
('37350','경상북도','영덕군'),
('37360','경상북도','청도군'),
('37370','경상북도','고령군'),
('37380','경상북도','성주군'),
('37390','경상북도','칠곡군'),
('37400','경상북도','예천군'),
('37410','경상북도','봉화군'),
('37420','경상북도','울진군'),
('37430','경상북도','울릉군'),
('38','경상남도',null),
('38030','경상남도','진주시'),
('38050','경상남도','통영시'),
('38060','경상남도','사천시'),
('38070','경상남도','김해시'),
('38080','경상남도','밀양시'),
('38090','경상남도','거제시'),
('38100','경상남도','양산시'),
('38110','경상남도','창원시'),
('38111','경상남도','창원시 의창구'),
('38112','경상남도','창원시 성산구'),
('38113','경상남도','창원시 마산합포구'),
('38114','경상남도','창원시 마산회원구'),
('38115','경상남도','창원시 진해구'),
('38310','경상남도','의령군'),
('38320','경상남도','함안군'),
('38330','경상남도','창녕군'),
('38340','경상남도','고성군'),
('38350','경상남도','남해군'),
('38360','경상남도','하동군'),
('38370','경상남도','산청군'),
('38380','경상남도','함양군'),
('38390','경상남도','거창군'),
('38400','경상남도','합천군'),
('39','제주특별자치도',null),
('39010','제주특별자치도','제주시'),
('39020','제주특별자치도','서귀포시');

INSERT INTO user (id, password, salt, name, age, nickname, phone_number, email, state)
VALUES ('jji0428','dnklanwkqnlrewiiqiodsoa2124','31109291fioadnjwlajlknk2qad4121', '정정일', 25, '정정일짱짱맨', '01098006069', 'jji042842@gmail.com', false),
       ('tester1','721af600446faaccaf31c5aa37a755104d6cf743dc32501924e47fca09c69ccb','c3dbc8928f31e473f4ddd641cdf9dd96a3443518', '정정일일', 26, '정정일짱', '01098006070', 'tester1@gmail.com', false),
       ('tester3','721af600446faaccaf31c5aa37a755104d6cf743dc32501924e47fca09c69ccb','c3dbc8928f31e473f4ddd641cdf9dd96a3443518', '정정일삼', 27, '정정', '01098006050', 'tester3@gmail.com', false);

INSERT INTO manager (id, password, salt, name, age, phone_number, manager_role, email, state)
VALUES ('jji042842','dnjqwlkenqwifiso131','1231642ndfklgld','정정이',25,'01098006069','MANAGER', 'jji042842@gmail.com', false),
       ('tester2','8a7309f4db92ae2a13dcee612a38105e94f38d3b42921750169aaa8f398fc50f','b384b4d8b9550be99c65ecbd32fd3813cd2cf84e','정정삼',24,'01098006068','MANAGER', 'tester2@gmail.com', false);

INSERT INTO auction_item (manager_id, address_code,auction_item_case_number, auction_item_name, location, lot_number, address_detail, appraised_value, auction_start_date, auction_end_date, item_category, area_size, auction_failed_count,bookmark_count, hit,item_sold_state, state)
VALUES ('tester2', '39010','123가다5121', '제주도 경치 좋은 주택입니다', '어쩌구동', '1004-14', '정일주택 2층', 130000000, '2032-12-12 14:00:00', '2032-12-23 16:00:00', 'HOUSE', 193.23, 3, 0 ,1245,'PROCEEDING', false),
       ('tester2', '11010','123가다5121', '서울에 있어요 아파트입니다', '어쩌구동동동', '1004-104', '정일주택 2층', 172040000, '2022-12-24 14:00:00', '2022-12-29 16:00:00', 'APARTMENT', 19124.23, 0,0 , 121245,'PROCEEDING', false),
       ('tester2', '11180','123가다5121', '서울에 있어요 주택입니다', '어쩌구동도오도오', '1004', '정일주택 2층', 151200000, '2023-01-01 14:00:00', '2023-01-24 16:00:00', 'HOUSE', 1931.23, 1,0 , 141245,'PROCEEDING', false),
       ('tester2', '11180','123가다5121', '서울 빌라입니다', '어쩌구도도동', '1004-1', '정일주택 2층', 197600000, '2023-02-01 14:00:00', '2023-02-24 16:00:00', 'VILLA', 16493.23, 2, 12745,0 , 'PROCEEDING',false),
       ('tester2', '11070','123가다5121', '아주 좋은 매물인듯 주택입니다', '어쩌구동동', '100', '정일주택 2층', 105900000, '2023-11-01 14:00:00', '2023-11-24 16:00:00', 'HOUSE', 17693.23, 1,0 , 12468765,'PROCEEDING', false),
       ('tester2', '11040','123가다5121', '돈있었으면 내가 샀을 물건', '어구동', '1004-10', '정일주택 2층', 112300000, '2023-10-01 14:00:00', '2023-10-24 16:00:00', 'APARTMENT', 16593.23, 0,0 , 1267445,'PROCEEDING', false),
       ('tester2', '11050','123가다5121', '옥션 아이템 타이틀', '어쩌구구동', '10', '정일주택 2층', 132100000, '2023-09-01 14:00:00', '2023-09-24 16:00:00', 'VILLA', 1893.23, 0, 153245,0 , 'PROCEEDING',false),
       ('tester2', '11030','123가다5121', '서울이구요', '어쩌구구동', '100', '정일주택 2층', 175300000, '2023-08-01 14:00:00', '2023-08-24 16:00:00', 'APARTMENT', 93.23, 7,0, 1245,'PROCEEDING', false),
       ('tester2', '11020','123가다5121', '서울입니다', '어쩌구어쩌구동', '1004-10', '정일주택 2층', 165400000, '2023-07-01 14:00:00', '2023-07-24 16:00:00', 'VILLA', 19793.23, 6,0 , 1242345,'PROCEEDING', false),
       ('tester2', '11070','123가다5121', '이거 완전 좋은 아이템', '어쩌구어쩌구동', '1004-10', '정일주택 2층', 100000000, '2023-06-01 14:00:00', '2023-06-24 16:00:00', 'APARTMENT', 1693.23, 5,0 , 152245, 'PROCEEDING',false),
       ('tester2', '11070','123가다5121', '사야겠는데 싶은 물건', '어쩌구구동', '1004-14', '정일주택 2층', 134320000, '2023-05-01 14:00:00', '2023-05-24 16:00:00', 'APARTMENT', 1493.23, 0,0 , 121445,'PROCEEDING', false),
       ('tester2', '11070','123가다5121', '내집 마련 완성해요', '어쩌구동', '100404', '정일주택 2층', 122100000, '2023-04-01 14:00:00', '2023-04-24 16:00:00', 'VILLA', 193.23765, 0,0 , 1253245,'PROCEEDING', false),
       ('tester2', '11180','123가다5121', '완성 하겠습니다', '어쩌구동', '10004', '정일주택 2층', 109800000, '2023-03-01 14:00:00', '2023-03-24 16:00:00', 'HOUSE', 193.23756, 13,0 , 1265345,'PROCEEDING', false),
       ('tester2', '11180','123가다5121', '이거이거 대박이군요', '어쩌구동', '1-104', '정일주택 2층', 111100000, '2023-02-01 14:00:00', '2023-02-24 16:00:00', 'HOUSE', 193.2343, 4,0 , 1254345,'PROCEEDING', false),
       ('tester2', '11180','123가다5121', '정정일 집입니다', '정일동', '1-104', '정일 행복타운 1층', 1111111111, '2021-02-01 14:00:00', '2025-02-24 16:00:00', 'APARTMENT', 1923.2343, 4,0 , 1254345,'PROCEEDING', false),
       ('tester2', '11180','123가다5121', '정정일 16', '정일동', '1-104', '정일 행복타운 16층', 1111111111, '2022-12-13 10:00:00', '2022-12-13 15:00:00', 'APARTMENT', 1923.2343, 4,0 , 1254345,'PROCEEDING', false),
       ('tester2', '11180','123가다5121', '정정일 17', '정일동', '1-104', '정일 행복타운 17층', 1111111111, '2022-12-13 10:00:00', '2022-12-13 15:05:00', 'APARTMENT', 1923.2343, 4,0 , 1254345,'PROCEEDING', false),
       ('tester2', '11180','123가다5121', '정정일 18', '정일동', '1-104', '정일 행복타운 18층', 1111111111, '2022-12-13 10:00:00', '2022-12-13 15:10:00', 'APARTMENT', 1923.2343, 4,0 , 1254345,'PROCEEDING', false),
       ('tester2', '11180','123가다5121', '정정일 19', '정일동', '1-104', '정일 행복타운 19층', 1111111111, '2022-12-13 10:00:00', '2022-12-13 15:15:00', 'APARTMENT', 1923.2343, 4,0 , 1254345,'PROCEEDING', false);


INSERT INTO bidding (user_id, auction_item_id, bidding_date, amount, state)
VALUES ('tester1',1,'2032-12-13 14:00:00', 154200000, false),
       ('tester1',2,'2022-12-25 14:00:00', 984200000, false),
       ('tester1',3,'2023-01-13 14:00:00', 1754200000, false),
       ('tester1',4,'2023-02-13 14:00:00', 156754200000, false),
       ('tester1',5,'2023-11-13 14:00:00', 15254200000, false),
       ('tester1',6,'2023-10-13 14:00:00', 16200000, false),
       ('tester1',16,'2023-09-13 14:00:00', 20000000, false),
       ('tester1',19,'2023-09-13 14:00:00', 20000000, false),
       ('tester3',16,'2023-09-13 14:00:00', 10000000, false),
       ('tester3',17,'2023-09-13 14:00:00', 10000000, false),
       ('tester1',17,'2023-09-13 14:00:00', 20000000, false),
       ('tester3',18,'2023-09-13 14:00:00', 10000000, false),
       ('tester3',19,'2023-09-13 14:00:00', 10000000, false),
       ('jji0428',16,'2023-09-13 14:00:00', 7000000, false),
       ('tester1',18,'2023-09-13 14:00:00', 20000000, false),
       ('jji0428',17,'2023-09-13 14:00:00', 7000000, false);

INSERT INTO aft_bidding (bidding_id, decide_date, bidding_result)
VALUES (1, '2032-12-23 16:00:00', 'FAIL'),
       (2, '2022-12-24 16:00:00', 'SUCCESS'),
       (5, '2023-11-24 16:00:00', 'FAIL');

INSERT INTO comment (user_id, auction_item_id, content, state)
VALUES ('tester1', 1, '오 정말 가지고 싶네요', false),
       ('tester1', 1, '돈만 있으면 가지고 싶네요', false),
       ('tester1', 2, '이거 입찰했습니다 무조건 살겁니다', false),
       ('tester1', 3, '이것도 입찰했어요 내꺼~', false),
       ('tester1', 1, '근데 이런 물건이 왜 3번이나 유찰됐나요?', false),
       ('tester1', 1, '궁금한데 답글 달아주실 분~', false),
       ('tester1', 1, '일단 전 엄청 궁금하거든요', false);

INSERT INTO bookmark (user_id, auction_item_id, state)
VALUES ('tester1', 1, false),
       ('tester1', 2, true),
       ('tester1', 3, false);

INSERT INTO notice (manager_id, title, content, state)
VALUES ('tester2', '공지사항입니다', '무분별한 입찰은 멈춰주세요',false),
       ('tester2', '안부인사입니다', '안녕하세요',false),
       ('tester2', '그냥 올려봤습니다', '하하하',false),
       ('tester2', '테스트 공지사항', '테스트 공지사항',false),
       ('tester2', '낙찰 후 절차', '어쩌구 저쩌구 에요',false),
       ('tester2', '호호', '하하',false);