INSERT INTO address (address_code,state_name,city_name)
VALUES ('11','서울특별시',null),
('11010','서울특별시','종로구'),
('11020','서울특별시','중구'),
('11030','서울특별시','용산구'),
('11040','서울특별시','성동구'),
('11050','서울특별시','광진구'),
('11060','서울특별시','동대문구'),
('11070','서울특별시','중랑구'),
('11080','서울특별시','성북구'),
('11090','서울특별시','강북구'),
('11100','서울특별시','도봉구'),
('11110','서울특별시','노원구'),
('11120','서울특별시','은평구'),
('11130','서울특별시','서대문구'),
('11140','서울특별시','마포구'),
('11150','서울특별시','양천구'),
('11160','서울특별시','강서구'),
('11170','서울특별시','구로구'),
('11180','서울특별시','금천구'),
('11190','서울특별시','영등포구'),
('11200','서울특별시','동작구'),
('11210','서울특별시','관악구'),
('11220','서울특별시','서초구'),
('11230','서울특별시','강남구'),
('11240','서울특별시','송파구'),
('11250','서울특별시','강동구'),
('21','부산광역시',null),
('21010','부산광역시','중구'),
('21020','부산광역시','서구'),
('21030','부산광역시','동구'),
('21040','부산광역시','영도구'),
('21050','부산광역시','부산진구'),
('21060','부산광역시','동래구'),
('21070','부산광역시','남구'),
('21080','부산광역시','북구'),
('21090','부산광역시','해운대구'),
('21100','부산광역시','사하구'),
('21110','부산광역시','금정구'),
('21120','부산광역시','강서구'),
('21130','부산광역시','연제구'),
('21140','부산광역시','수영구'),
('21150','부산광역시','사상구'),
('21310','부산광역시','기장군'),
('22','대구광역시',null),
('22010','대구광역시','중구'),
('22020','대구광역시','동구'),
('22030','대구광역시','서구'),
('22040','대구광역시','남구'),
('22050','대구광역시','북구'),
('22060','대구광역시','수성구'),
('22070','대구광역시','달서구'),
('22310','대구광역시','달성군'),
('23','인천광역시',null),
('23010','인천광역시','중구'),
('23020','인천광역시','동구'),
('23040','인천광역시','연수구'),
('23050','인천광역시','남동구'),
('23060','인천광역시','부평구'),
('23070','인천광역시','계양구'),
('23080','인천광역시','서구'),
('23090','인천광역시','미추홀구'),
('23310','인천광역시','강화군'),
('23320','인천광역시','옹진군'),
('24','광주광역시',null),
('24010','광주광역시','동구'),
('24020','광주광역시','서구'),
('24030','광주광역시','남구'),
('24040','광주광역시','북구'),
('24050','광주광역시','광산구'),
('25','대전광역시',null),
('25010','대전광역시','동구'),
('25020','대전광역시','중구'),
('25030','대전광역시','서구'),
('25040','대전광역시','유성구'),
('25050','대전광역시','대덕구'),
('26','울산광역시','중구'),
('26010','울산광역시','중구'),
('26020','울산광역시','남구'),
('26030','울산광역시','동구'),
('26040','울산광역시','북구'),
('26310','울산광역시','울주군'),
('29','세종특별자치시',null),
('29010','세종특별자치시','세종시'),
('31','경기도',null),
('31010','경기도','수원시'),
('31011','경기도','수원시 장안구'),
('31012','경기도','수원시 권선구'),
('31013','경기도','수원시 팔달구'),
('31014','경기도','수원시 영통구'),
('31020','경기도','성남시'),
('31021','경기도','성남시 수정구'),
('31022','경기도','성남시 중원구'),
('31023','경기도','성남시 분당구'),
('31030','경기도','의정부시'),
('31040','경기도','안양시'),
('31041','경기도','안양시 만안구'),
('31042','경기도','안양시 동안구'),
('31050','경기도','부천시'),
('31060','경기도','광명시'),
('31070','경기도','평택시'),
('31080','경기도','동두천시'),
('31090','경기도','안산시'),
('31091','경기도','안산시 상록구'),
('31092','경기도','안산시 단원구'),
('31100','경기도','고양시'),
('31101','경기도','고양시 덕양구'),
('31103','경기도','고양시 일산동구'),
('31104','경기도','고양시 일산서구'),
('31110','경기도','과천시'),
('31120','경기도','구리시'),
('31130','경기도','남양주시'),
('31140','경기도','오산시'),
('31150','경기도','시흥시'),
('31160','경기도','군포시'),
('31170','경기도','의왕시'),
('31180','경기도','하남시'),
('31190','경기도','용인시'),
('31191','경기도','용인시 처인구'),
('31192','경기도','용인시 기흥구'),
('31193','경기도','용인시 수지구'),
('31200','경기도','파주시'),
('31210','경기도','이천시'),
('31220','경기도','안성시'),
('31230','경기도','김포시'),
('31240','경기도','화성시'),
('31250','경기도','광주시'),
('31260','경기도','양주시'),
('31270','경기도','포천시'),
('31280','경기도','여주시'),
('31350','경기도','연천군'),
('31370','경기도','가평군'),
('31380','경기도','양평군'),
('32','강원도',null),
('32010','강원도','춘천시'),
('32020','강원도','원주시'),
('32030','강원도','강릉시'),
('32040','강원도','동해시'),
('32050','강원도','태백시'),
('32060','강원도','속초시'),
('32070','강원도','삼척시'),
('32310','강원도','홍천군'),
('32320','강원도','횡성군'),
('32330','강원도','영월군'),
('32340','강원도','평창군'),
('32350','강원도','정선군'),
('32360','강원도','철원군'),
('32370','강원도','화천군'),
('32380','강원도','양구군'),
('32390','강원도','인제군'),
('32400','강원도','고성군'),
('32410','강원도','양양군'),
('33','충청북도',null),
('33020','충청북도','충주시'),
('33030','충청북도','제천시'),
('33040','충청북도','청주시'),
('33041','충청북도','청주시 상당구'),
('33042','충청북도','청주시 서원구'),
('33043','충청북도','청주시 흥덕구'),
('33044','충청북도','청주시 청원구'),
('33320','충청북도','보은군'),
('33330','충청북도','옥천군'),
('33340','충청북도','영동군'),
('33350','충청북도','진천군'),
('33360','충청북도','괴산군'),
('33370','충청북도','음성군'),
('33380','충청북도','단양군'),
('33390','충청북도','증평군'),
('34','충청남도',null),
('34010','충청남도','천안시'),
('34011','충청남도','천안시 동남구'),
('34012','충청남도','천안시 서북구'),
('34020','충청남도','공주시'),
('34030','충청남도','보령시'),
('34040','충청남도','아산시'),
('34050','충청남도','서산시'),
('34060','충청남도','논산시'),
('34070','충청남도','계룡시'),
('34080','충청남도','당진시'),
('34310','충청남도','금산군'),
('34330','충청남도','부여군'),
('34340','충청남도','서천군'),
('34350','충청남도','청양군'),
('34360','충청남도','홍성군'),
('34370','충청남도','예산군'),
('34380','충청남도','태안군'),
('35','전라북도',null),
('35010','전라북도','전주시'),
('35011','전라북도','전주시 완산구'),
('35012','전라북도','전주시 덕진구'),
('35020','전라북도','군산시'),
('35030','전라북도','익산시'),
('35040','전라북도','정읍시'),
('35050','전라북도','남원시'),
('35060','전라북도','김제시'),
('35310','전라북도','완주군'),
('35320','전라북도','진안군'),
('35330','전라북도','무주군'),
('35340','전라북도','장수군'),
('35350','전라북도','임실군'),
('35360','전라북도','순창군'),
('35370','전라북도','고창군'),
('35380','전라북도','부안군'),
('36','전라남도',null),
('36010','전라남도','목포시'),
('36020','전라남도','여수시'),
('36030','전라남도','순천시'),
('36040','전라남도','나주시'),
('36060','전라남도','광양시'),
('36310','전라남도','담양군'),
('36320','전라남도','곡성군'),
('36330','전라남도','구례군'),
('36350','전라남도','고흥군'),
('36360','전라남도','보성군'),
('36370','전라남도','화순군'),
('36380','전라남도','장흥군'),
('36390','전라남도','강진군'),
('36400','전라남도','해남군'),
('36410','전라남도','영암군'),
('36420','전라남도','무안군'),
('36430','전라남도','함평군'),
('36440','전라남도','영광군'),
('36450','전라남도','장성군'),
('36460','전라남도','완도군'),
('36470','전라남도','진도군'),
('36480','전라남도','신안군'),
('37','경상북도',null),
('37010','경상북도','포항시'),
('37011','경상북도','포항시 남구'),
('37012','경상북도','포항시 북구'),
('37020','경상북도','경주시'),
('37030','경상북도','김천시'),
('37040','경상북도','안동시'),
('37050','경상북도','구미시'),
('37060','경상북도','영주시'),
('37070','경상북도','영천시'),
('37080','경상북도','상주시'),
('37090','경상북도','문경시'),
('37100','경상북도','경산시'),
('37310','경상북도','군위군'),
('37320','경상북도','의성군'),
('37330','경상북도','청송군'),
('37340','경상북도','영양군'),
('37350','경상북도','영덕군'),
('37360','경상북도','청도군'),
('37370','경상북도','고령군'),
('37380','경상북도','성주군'),
('37390','경상북도','칠곡군'),
('37400','경상북도','예천군'),
('37410','경상북도','봉화군'),
('37420','경상북도','울진군'),
('37430','경상북도','울릉군'),
('38','경상남도',null),
('38030','경상남도','진주시'),
('38050','경상남도','통영시'),
('38060','경상남도','사천시'),
('38070','경상남도','김해시'),
('38080','경상남도','밀양시'),
('38090','경상남도','거제시'),
('38100','경상남도','양산시'),
('38110','경상남도','창원시'),
('38111','경상남도','창원시 의창구'),
('38112','경상남도','창원시 성산구'),
('38113','경상남도','창원시 마산합포구'),
('38114','경상남도','창원시 마산회원구'),
('38115','경상남도','창원시 진해구'),
('38310','경상남도','의령군'),
('38320','경상남도','함안군'),
('38330','경상남도','창녕군'),
('38340','경상남도','고성군'),
('38350','경상남도','남해군'),
('38360','경상남도','하동군'),
('38370','경상남도','산청군'),
('38380','경상남도','함양군'),
('38390','경상남도','거창군'),
('38400','경상남도','합천군'),
('39','제주특별자치도',null),
('39010','제주특별자치도','제주시'),
('39020','제주특별자치도','서귀포시');

INSERT INTO user (id, password, salt, name, birth, nickname, phone_number, email, state)
VALUES ('jji0428','dnklanwkqnlrewiiqiodsoa2124','31109291fioadnjwlajlknk2qad4121', '정정일', '980428', '정정일짱짱맨', '01098006069', 'jji042842@gmail.com', false),
       ('tester1','721af600446faaccaf31c5aa37a755104d6cf743dc32501924e47fca09c69ccb','c3dbc8928f31e473f4ddd641cdf9dd96a3443518', '정정일일', '980428', '정정일짱', '01098006070', 'tester1@gmail.com', false),
       ('tester3','721af600446faaccaf31c5aa37a755104d6cf743dc32501924e47fca09c69ccb','c3dbc8928f31e473f4ddd641cdf9dd96a3443518', '정정일삼', '980428', '정정', '01098006050', 'tester3@gmail.com', false);

INSERT INTO manager (id, password, salt, name, court, department, birth, phone_number, manager_role, email, state)
VALUES ('jji042842','dnjqwlkenqwifiso131','1231642ndfklgld','정정이','서울고등법원','정정일전담부서','980428','01098006069','MANAGER', 'jji042842@gmail.com', false),
       ('tester2','8a7309f4db92ae2a13dcee612a38105e94f38d3b42921750169aaa8f398fc50f','b384b4d8b9550be99c65ecbd32fd3813cd2cf84e','정정삼','서울고등법원','정정일전담부서','980428','01098006068','MANAGER', 'tester2@gmail.com', false);

INSERT INTO auction_item (manager_id, address_code,auction_item_case_number, auction_item_name, location, lot_number, address_detail, appraised_value, auction_start_date, auction_end_date, item_category, area_size, auction_failed_count,bookmark_count, hit,item_sold_state, state)
VALUES ('tester2', '24040','2021타경6776', '광주 북구 운암동 아파트입니다', '운암동', '68', '벽산블루밍메가씨티 203동 4층 401호', 577000000, '2022-10-27 10:00:00', '2023-03-02 10:00:00', 'APARTMENT', 36.48, 3,683 , 2929,'PROCEEDING', false),
       ('tester2', '11210','2019타경5285', '서울 관악구 신림동 다가구 주택입니다.', '신림동', '103-260', '', 799510100, '2022-12-20 10:00:00', '2023-02-24 10:00:00', 'HOUSE', 59.47, 1,25 , 400,'PROCEEDING', false),
       ('tester2', '11210','2021타경3633', '서울 관악구 신림동 빌라입니다.', '신림동', '652-10', '라임카운티 1층 203호', 313000000, '2022-10-01 10:00:00', '2023-02-24 10:00:00', 'VILLA', 8.6, 2, 50,200, 'PROCEEDING',false),
       ('tester2', '11230','2021타경4124', '서울 강남구 대치동 빌라입니다.', '대치동', '935-25', '가동 2층 2호', 950000000, '2022-11-05 10:00:00', '2023-03-24 10:00:00', 'VILLA', 16.06, 1,35 , 400,'PROCEEDING', false),
       ('tester2', '11200','2021타경4612', '서울 동작구 상도동 빌라입니다.', '상도동', '288-4', '3층 302호', 270000000, '2022-10-01 10:00:00', '2023-3-24 10:00:00', 'VILLA', 16.61, 1,72 , 500,'PROCEEDING', false),
       ('tester2', '11230','2021타경105584', '서울 강남구 논현동 다세대 빌라입니다.', '논현동', '242-45', '논현더라움 6층 602호', 524000000, '2022-09-01 10:00:00', '2023-02-21 10:00:00', 'VILLA', 8.55, 1, 30, 255, 'PROCEEDING',false),
       ('tester2', '11010','2021타경108071', '서울 종로구 동숭동 다세대 빌라입니다.', '동숭동', '4-69', '3층 301호', 362000000, '2022-08-01 10:00:00', '2023-08-24 10:00:00', 'VILLA', 18.1, 3,85, 445,'PROCEEDING', false),
       ('tester2', '11210','2021타경108187', '서울 관악구 신림동 다세대 빌라입니다.', '신림동', '613-2', '한나래15차 2층 203호', 215000000, '2022-07-01 10:00:00', '2023-07-24 10:00:00', 'VILLA', 10.77, 4,20 , 211,'PROCEEDING', false),
       ('tester2', '11210','2021타경110135', '서울 관악구 신림동 다세대 빌라입니다.', '신림동', '11-8', '신림뉴씨엘 102동 4층 402호', 327000000, '2022-06-01 14:00:00', '2023-06-24 16:00:00', 'VILLA', 9, 5,10 , 472, 'PROCEEDING',false),
       ('tester2', '37050','2022타경66', '경북 구미시 광평동 아파트 입니다.', '광평동', '792-7', '구미광평푸르지오2차 202동 13층 1302호', 184000000, '2022-05-01 10:00:00', '2023-05-24 10:00:00', 'APARTMENT', 25.71, 1,6 , 102,'PROCEEDING', false),
       ('tester2', '11220','2022타경107426', '서울 서초쿠 양재동 다세대 빌라입니다.', '양재동', '11-50', '1층 101호', 249000000, '2022-04-01 10:00:00', '2023-04-24 10:00:00', 'VILLA', 6.76, 1,2 , 187,'PROCEEDING', false),
       ('tester2', '36010','2020타경6864', '전남 목포시 용해동 아파트 입니다.', '용해동', '152-80', '동아아파트 2동 9층 901호', 161000000, '2022-03-01 10:00:00', '2023-03-24 10:00:00', 'APARTMENT', 40.82, 1,30 , 178,'PROCEEDING', false),
       ('tester2', '11050','2021타경1074', '서울 광진구 중곡동 아파트 입니다.', '중곡동', '107-4', '삼보드림아파트 6층 602호', 122500000, '2022-02-01 10:00:00', '2023-02-24 10:00:00', 'APARTMENT', 5.82, 3,100 , 593,'PROCEEDING', false),
       ('tester2', '23060','2021타경523091', '인천 부평구 부개동 다세대 빌라입니다.', '부개동', '12-87', '건우빌라 4층 403호', 89000000, '2021-02-01 10:00:00', '2025-02-24 10:00:00', 'VILLA', 11.43, 4,3 , 237,'PROCEEDING', false),
       ('tester2', '23310','2022타경656', '인천 강화군 길상면 초지리 주택입니다.', '초지리', '1002-7', '', 211738080, '2022-12-13 10:00:00', '2023-12-13 10:00:00', 'HOUSE', 19.54, 1,10 , 558,'PROCEEDING', false),
       ('tester2', '23090','2022타경1086', '인천 미추홀구 주안동 다세대 빌라입니다.', '주안동', '1217-13', '1층 101호', 108000000, '2022-12-13 10:00:00', '2023-12-13 10:00:00', 'VILLA', 13.77, 4,0 , 43,'PROCEEDING', false),
       ('tester2', '23080','2022타경3167', '인천 서구 가좌동 다세대 빌라입니다.', '가좌동', '157-79', '은성빌라2동 지하1층 1호', 82000000, '2022-12-13 10:00:00', '2023-12-13 10:00:00', 'VILLA', 12.56, 1,0 , 33,'PROCEEDING', false),
       ('tester2', '23050','2022타경7695', '인천 남동구 민수동 다세대 빌라입니다.', '민수동', '858-1', '4층 401호', 115000000, '2022-12-13 10:00:00', '2023-12-13 10:00:00', 'VILLA', 16.24, 1,1 , 47,'PROCEEDING', false),
       ('tester2', '23040','2022타경515646', '인천 연수구 동춘동 아파트 입니다.', '동춘동', '932', '한양2차아파트 1동 5층 507호', 482000000, '2022-12-13 10:00:00', '2023-12-13 10:00:00', 'APARTMENT', 20.68, 2,35 , 598,'PROCEEDING', false),
       ('tester2', '25040','2022타경4021', '대전 유성구 봉명동 아파트 입니다.', '봉명동', '1037', '도안신도시7단지예미지백조의호수 714동 2층 201호', 767000000, '2022-11-13 10:00:00', '2023-11-13 10:00:00', 'APARTMENT', 25.7, 2, 57, 588,'PROCEEDING', false),
       ('tester2', '25010','2022타경4915', '대전 동구 천동 아파트 입니다.', '천동', '528', '휴먼시아2단지아파트 209동 22층 2201호', 438000000, '2022-12-13 10:00:00', '2023-12-13 10:00:00', 'APARTMENT', 2, 2, 31, 131,'PROCEEDING', false),
       ('tester2', '25050','2022타경52080', '대전 대덕구 덕암동 다세대 빌라입니다.', '덕암동', '71-16', '비동 4층 402호', 60000000, '2022-12-15 10:00:00', '2023-12-15 10:00:00', 'VILLA', 15.25, 1, 2, 86,'PROCEEDING', false),
       ('tester2', '25030','2022타경104365', '대전 서구 탄방동 아파트 입니다.', '탄방동', '765', '한우리아파트 103동 10층 1001호', 575000000, '2022-12-10 10:00:00', '2023-10-13 10:00:00', 'APARTMENT', 25.63, 1, 20, 88,'PROCEEDING', false),
       ('tester2', '24050','2021타경4978', '광주 광산구 도산동 아파트 입니다.', '도산동', '1298-3', '삼라극동아파트 101동 11층 1102호', 80000000, '2022-1-13 10:00:00', '2023-1-13 10:00:00', 'APARTMENT', 12.01, 5, 300, 1686,'PROCEEDING', false),
       ('tester2', '24050','2022타경4548', '광주 광산구 수완동 아파트 입니다.', '수완동', '1490', '수완지구영무예다음2차아파트 203동 4층 403호', 593000000, '2022-12-13 10:00:00', '2023-12-13 10:00:00', 'APARTMENT', 25.63, 2, 47, 338,'PROCEEDING', false),
       ('tester2', '24030','2022타경64281', '광주 남구 방림동 아파트.', '방림동', '556-1', '209동 10층 1101호', 281000000, '2022-12-13 10:00:00', '2023-12-13 10:00:00', 'APARTMENT', 25.7, 1, 25, 151,'PROCEEDING', false),
       ('tester2', '24050','2022타경69965', '광주 광산구 월곡동 아파트 입니다.', '월곡동', '681-1', '영천마을주공아파트 912동 4층 404호', 318000000, '2022-12-13 10:00:00', '2023-12-13 10:00:00', 'APARTMENT', 22.99, 1, 6, 91,'PROCEEDING', false),
       ('tester2', '22070','2021타경35971', '대구 달서구 도원동 아파트 입니다.', '도원동', '1443', '대곡강산타운 401동 19층 1903호', 194000000, '2022-12-14 10:00:00', '2023-12-14 10:00:00', 'APARTMENT', 12.85, 2, 68, 561,'PROCEEDING', false),
       ('tester2', '22020','2021타경113713', '대구 동구 미대동 주택 입니다.', '미대동', '604', '', 420876910, '2022-12-14 10:00:00', '2023-12-14 10:00:00', 'HOUSE', 33.84, 1, 45, 359,'PROCEEDING', false),
       ('tester2', '22060','2022타경2100', '대구 수성구 상동 아파트 입니다.', '상동', '555', '수성동일하일빌레이크시티 102동 7층 705호', 1100000000, '2022-12-14 10:00:00', '2023-12-14 10:00:00', 'APARTMENT', 35.93, 1, 1, 119,'PROCEEDING', false),
       ('tester2', '26040','2021타경9427', '울산 북구 연암동 다세대 빌라 입니다.', '연암동', '472', '나나빌리지 5층 502호', 85000000, '2022-12-15 10:00:00', '2023-12-15 10:00:00', 'VILLA', 9.92, 1, 0, 12,'PROCEEDING', false),
       ('tester2', '26040','2021타경9564', '울산 북구 당사동 주택 입니다.', '당사동', '589', '', 253315920, '2022-12-15 10:00:00', '2023-12-15 10:00:00', 'HOUSE', 30.86, 1, 10, 163,'PROCEEDING', false),
       ('tester2', '26030','2022타경100099', '울산 동구 방어동 아파트 입니다.', '방어동', '918-5', '신흥월드아파트 3층 305호', 159000000, '2022-12-15 10:00:00', '2023-12-15 10:00:00', 'APARTMENT', 22.03, 1, 0, 17,'PROCEEDING', false),
       ('tester2', '21310','2022타경970', '부산 기장읍 동부리 아파트 입니다.', '동부리', '364-2', '부산기장포스코더샵 101동 8층 802호', 350000000, '2022-12-16 10:00:00', '2023-12-16 10:00:00', 'APARTMENT', 25.69, 1, 0, 55,'PROCEEDING', false),
       ('tester2', '21090','2022타경1058', '부산 해운대구 반여동 아파트 입니다.', '반여동', '1199-11', '센텀대림아파트 104동 24층 2407호', 334000000, '2022-12-16 10:00:00', '2023-12-16 10:00:00', 'APARTMENT', 18.15, 2, 5, 305,'PROCEEDING', false),
       ('tester2', '21140','2022타경100603', '부산 수영구 남천동 아파트 입니다.', '남천동', '595', '남천금호어울림더비치 102동 13층 1301호', 1137000000, '2022-12-16 10:00:00', '2023-12-16 10:00:00', 'APARTMENT', 25.69, 1, 30, 187,'PROCEEDING', false),
       ('tester2', '29010','2022타경4625', '세종 세종시 도담동 아파트 입니다.', '도담동', '667', '라온프라이빗시티2 1동 5층 521호', 99000000, '2022-12-17 10:00:00', '2023-12-17 10:00:00', 'APARTMENT', 5.8, 1, 10, 101,'PROCEEDING', false),
       ('tester2', '29010','2022타경4779', '세종 세종시 새롬동 아파트 입니다.', '새롬동', '605', '새뜸마을5단지 509동 16층 1604호', 819000000, '2022-12-17 10:00:00', '2023-12-17 10:00:00', 'APARTMENT', 25.68, 1, 18, 184,'PROCEEDING', false),
       ('tester2', '29010','2022타경4984', '세종 세종시 한솔동 아파트 입니다.', '한솔동', '939', '첫마을아파트 110동 25층 2504호', 1490000000, '2022-12-17 10:00:00', '2023-12-17 10:00:00', 'APARTMENT', 45.23, 1, 13, 239,'PROCEEDING', false),
       ('tester2', '31060','2019타경5065', '경기 광명시 광명동 다세대 빌라입니다.', '광명동', '58-10', '대왕펠리스 1동 2층 202호', 227000000, '2022-12-18 10:00:00', '2023-12-18 10:00:00', 'VILLA', 16.97, 7, 999, 3416,'PROCEEDING', false),
       ('tester2', '31090','2021타경53654', '경기 안산시 상록구 부곡동 다세대 빌라입니다.', '부곡동', '552-3', '광백드림빌 나동 5층 502호', 145000000, '2022-12-18 10:00:00', '2023-12-18 10:00:00', 'VILLA', 19.33, 8, 345, 1024,'PROCEEDING', false),
       ('tester2', '32010','2022타경52121', '강원 춘천시 신동면 증리에 있는 주택 입니다.', '증리', '395-3', '', 483443230, '2022-12-18 10:00:00', '2023-12-18 10:00:00', 'HOUSE', 74.06, 1, 5, 181,'PROCEEDING', false),
       ('tester2', '32030','2021타경32400', '강원 강릉시 강동면 다세대 빌라 입니다.', '산성우리', '219-3', '4층 405호', 372000000, '2022-12-18 10:00:00', '2023-12-18 10:00:00', 'VILLA', 79.77, 5, 247, 1341,'PROCEEDING', false),
       ('tester2', '33020','2021타경4013', '충북 충주시 칠금동 아파트 입니다.', '칠금동', '629', '금능현대아파트 101동 13층 1307호', 165000000, '2022-12-18 10:00:00', '2023-12-18 10:00:00', 'APARTMENT', 18.15, 2, 2, 223,'PROCEEDING', false),
       ('tester2', '33370','2021타경33394', '충북 음성군 삼성면 근린주택 입니다.', '덕정리', '529-25', '', 340873000, '2022-12-18 10:00:00', '2023-12-18 10:00:00', 'HOUSE', 83.65, 3, 45, 909,'PROCEEDING', false),
       ('tester2', '34050','2022타경550', '충남 서산시 인지면 아파트 입니다.', '둔당리', '328-2', '서산청구제네스 105동 3층 301호', 130000000, '2022-12-18 10:00:00', '2023-12-18 10:00:00', 'APARTMENT', 25.69, 1, 7, 71,'PROCEEDING', false),
       ('tester2', '34010','2022타경104852', '충남 천안시 동남구 아파트 입니다.', '원선동', '555-1', '2층 201호', 226000000, '2022-12-18 10:00:00', '2023-12-18 10:00:00', 'APARTMENT', 53.97, 1, 3, 73,'PROCEEDING', false),
       ('tester2', '35011','2021타경2191', '전북 전주시 완산구 근린주택 입니다.', '효자동3가', '1414-4', '', 608668620, '2022-12-18 10:00:00', '2023-12-18 10:00:00', 'HOUSE', 120.08, 7, 344, 1155,'PROCEEDING', false),
       ('tester2', '35012','2021타경7066', '전북 전주시 덕진구 다세대 빌라 입니다.', '덕진동1가', '1265-30', '1동 2층 201호', 65000000, '2022-12-18 10:00:00', '2023-12-18 10:00:00', 'VILLA', 15.71, 1, 12, 104,'PROCEEDING', false),
       ('tester2', '36010','2021타경55023', '전남 목포시 산정동 다세대 빌라 입니다.', '산정동', '1717-7', '진주하이츠 102동 3층 302호', 48000000, '2022-12-18 10:00:00', '2023-12-18 10:00:00', 'VILLA', 15.97, 3, 25, 273,'PROCEEDING', false),
       ('tester2', '36410','2022타경2811', '전남 영암군 삼호읍 영당리 아파트 입니다.', '용당리', '2183', '영암삼호제이에스희망가 105동 14층 1403호', 87000000, '2022-12-18 10:00:00', '2023-12-18 10:00:00', 'APARTMENT', 18.13, 1, 4, 47,'PROCEEDING', false),
       ('tester2', '37390','2022타경105801', '경북 칠곡군 왜관읍 석전리 아파트 입니다.', '석전리', '410', '101동 4층 513호', 40000000, '2022-12-19 10:00:00', '2023-12-19 10:00:00', 'APARTMENT', 18.14, 1, 6, 161,'PROCEEDING', false),
       ('tester2', '37020','2021타경1496', '경북 경주시 진현동 주택 입니다.', '진현동', '317-6', '가동', 434274160, '2022-12-19 10:00:00', '2023-12-19 10:00:00', 'HOUSE', 36.97, 1, 28, 428,'PROCEEDING', false),
       ('tester2', '38090','2020타경27213', '경남 거제시 양정동 다세대 빌라 입니다.', '양정동', '989-5', '청명화이트아파트 104동 1층 104호', 112000000, '2022-12-19 10:00:00', '2023-12-19 10:00:00', 'VILLA', 23.55, 6, 214, 1481,'PROCEEDING', false),
       ('tester2', '38050','2021타경4002', '경남 통영시 명정동 다세대 빌라 입니다.', '명정동', '430-1', '3층 301호', 130000000, '2022-12-19 10:00:00', '2023-12-19 10:00:00', 'VILLA', 18.29, 3, 4, 139,'PROCEEDING', false),
       ('tester2', '39020','2021타경4743', '제주 서귀포시 중문동 아파트 입니다.', '중문동', '2367-1', '삼성홈스테이 3층 316호', 99000000, '2022-12-19 10:00:00', '2023-12-19 10:00:00', 'APARTMENT', 5.44, 3, 65, 768,'PROCEEDING', false),
       ('tester2', '39020','2021타경5395', '제주 서귀포시 서귀동 다세대 빌라 입니다.', '서귀동', '265-3', '에버빌 101동 5층 602호', 250000000, '2022-12-19 10:00:00', '2023-12-19 10:00:00', 'VILLA', 20.46, 2, 14, 277,'PROCEEDING', false);


INSERT INTO bidding (user_id, auction_item_id, bidding_date, amount, state)
VALUES ('tester1',1,'2032-12-13 14:00:00', 1600000000, false),
       ('tester1',2,'2022-12-25 14:00:00', 1320000000, false),
       ('tester1',3,'2023-01-13 14:00:00', 1754200000, false),
       ('tester1',4,'2023-02-13 14:00:00', 1567500000, false),
       ('tester1',5,'2023-11-13 14:00:00', 1542000000, false),
       ('tester1',6,'2023-10-13 14:00:00', 1620000000, false),
       ('tester1',16,'2023-09-13 14:00:00', 2000000000, false),
       ('tester1',19,'2023-09-13 14:00:00', 2100000000, false),
       ('tester3',16,'2023-09-13 14:00:00', 1000000000, false),
       ('tester3',17,'2023-09-13 14:00:00', 1200000000, false),
       ('tester1',17,'2023-09-13 14:00:00', 2200000000, false),
       ('tester3',18,'2023-09-13 14:00:00', 1200000000, false),
       ('tester3',19,'2023-09-13 14:00:00', 1000000000, false),
       ('jji0428',16,'2023-09-13 14:00:00', 700000000, false),
       ('tester1',18,'2023-09-13 14:00:00', 200000000, false),
       ('jji0428',17,'2023-09-13 14:00:00', 700000000, false);

INSERT INTO aft_bidding (bidding_id, decide_date, bidding_result)
VALUES (1, '2032-12-23 16:00:00', 'FAIL'),
       (2, '2022-12-24 16:00:00', 'SUCCESS'),
       (5, '2023-11-24 16:00:00', 'FAIL'),
       (6, '2022-11-24 16:00:00', 'FAIL');

INSERT INTO auction_failed_log(auction_item_id, auction_start_date, auction_end_date, appraised_value)
VALUES (2, '2022-10-24 14:00:00', '2022-10-29 16:00:00', 200000000),
       (2, '2022-11-24 14:00:00', '2022-11-29 16:00:00', 170000000),
       (2, '2022-12-24 14:00:00', '2022-12-29 16:00:00', 130000000);

INSERT INTO comment (user_id, auction_item_id, content, state)
VALUES ('tester1', 1, '오 정말 가지고 싶네요', false),
       ('tester1', 1, '돈만 있으면 가지고 싶네요', false),
       ('tester1', 2, '이거 입찰했습니다 무조건 살겁니다', false),
       ('tester1', 3, '이것도 입찰했어요 내꺼~', false),
       ('tester1', 1, '근데 이런 물건이 왜 3번이나 유찰됐나요?', false),
       ('tester1', 1, '궁금한데 답글 달아주실 분~', false),
       ('tester1', 1, '일단 전 엄청 궁금하거든요', false);

INSERT INTO bookmark (user_id, auction_item_id, state)
VALUES ('tester1', 1, false),
       ('tester1', 2, true),
       ('tester1', 3, false),
       ('tester1', 13, false);

INSERT INTO notice (manager_id, title, content, state)
VALUES ('tester2', '낙찰 이후 프로세스 입니다', '낙찰에 성공하셨다면 아래 발급증을 발급하셔서 가까운 주민센터로 방문해주세요!',false),
       ('tester2', '무분별한 금액을 입력해 경매를 방해할 경우 계정이 정지 될 수 있습니다!', '입찰을 희망하시는 물건에 한하여 입찰해주세요',false),
       ('tester2', '1인 1가구 - 지원금을 드립니다', '땅땅땅에서 지원하는 1인 1가구, 입찰에 참여하실 경우 치킨 기프티콘을 드려요!',false),
       ('tester2', '땅땅땅 운영 공지사항', '저희는 모든 사람들이 행복한 집에서 살기를 희망합니다',false),
       ('tester2', '2023년 향후 부동산 예측', '금리 폭등으로 인한 하향세가 지속될 것으로 예상되나 지금이 주택마련에는 적기라 보입니다',false);

INSERT INTO image_file(auction_item_id, url)
VALUES (1, 'https://thumb.mt.co.kr/06/2020/09/2020091115075836165_1.jpg/dims/optimize/'),